<?xml version="1.0" encoding="UTF-8"?>

<channel name="thunar" version="1.0">
  <property name="last-view" type="string" value="ThunarDetailsView"/>
  <property name="last-icon-view-zoom-level" type="string" value="THUNAR_ZOOM_LEVEL_NORMAL"/>
  <property name="last-window-maximized" type="bool" value="true"/>
  <property name="last-details-view-zoom-level" type="string" value="THUNAR_ZOOM_LEVEL_SMALLER"/>
  <property name="last-details-view-column-widths" type="string" value="50,116,64,50,354,95,104,60,151"/>
  <property name="last-details-view-visible-columns" type="string" value="THUNAR_COLUMN_DATE_MODIFIED,THUNAR_COLUMN_GROUP,THUNAR_COLUMN_NAME,THUNAR_COLUMN_OWNER,THUNAR_COLUMN_PERMISSIONS,THUNAR_COLUMN_SIZE"/>
  <property name="last-show-hidden" type="bool" value="false"/>
  <property name="last-separator-position" type="int" value="226"/>
  <property name="last-side-pane" type="string" value="ThunarShortcutsPane"/>
</channel>
